,amazon,deepspeech,google,IBMWatson,microsoft
Non-aint/aint,1.6512008494347654,44.6187881429817,2.4877543010173775,42.37009590235396,3.4327138490062135
