,amazon,deepspeech,google,IBMWatson,microsoft
pre-feature,0.35853069744632765,0.7955689117400645,0.5264053910202157,0.5697930528322717,0.4786241520944657
post-feature,0.372246949549812,0.7983894289217578,0.48054900179301074,0.6331148151666667,0.46285539831583966
