,amazon,deepspeech,google,IBMWatson,microsoft
Non-Habitual/Habitual,3.920427192227813,10.711378576952821,3.823700522907505,9.791297871730974,3.6860440410324395
