,amazon,deepspeech,google,IBMWatson,microsoft
pre-feature,0.46399691882727273,0.8224858653962265,0.5604306668690475,0.6253974471714286,0.5191788156181818
post-feature,0.45313177387272724,0.7807445527047618,0.5461593935301206,0.6875228996857143,0.4763449090818182
