,amazon,deepspeech,google,IBMWatson,microsoft
pre-feature,0.4741656924964872,0.871437283484375,0.6602177695863095,0.6740463793350253,0.560997612478972
post-feature,0.3326652171811765,0.815255241790576,0.5335604068083831,0.673425290464467,0.4160184871845794
