,amazon,deepspeech,google,IBMWatson,microsoft
pre-feature,0.21167414445000002,0.5834477497076923,0.2926850940909091,0.35357775626277377,0.24658403083941607
post-feature,0.25922404944604316,0.5166592501796874,0.32174605390291267,0.42944727193939397,0.2695214074632353
