,amazon,deepspeech,google,IBMWatson,microsoft
pre-feature,0.20182925206914892,0.655859979404069,0.3315156972192429,0.33917535585757297,0.2523905597445061
post-feature,0.20777123569905265,0.5694003968043017,0.3036205157370087,0.4044049028346056,0.23712785384150942
