,amazon,deepspeech,google,IBMWatson,microsoft
pre-feature,0.23134537385286102,0.6581241782969187,0.3383245672140575,0.3837185110405405,0.27670962618987344
post-feature,0.16129595831675395,0.41627152068586387,0.2348427465644699,0.3080002744897959,0.19196850658838382
