,amazon,deepspeech,google,IBMWatson,microsoft
pre-feature,0.23739748270221095,0.673895013477974,0.3636077264475006,0.3909266487784968,0.28671600414418513
post-feature,0.21205275454534772,0.5437795129538494,0.3172732294706163,0.4080503919015025,0.2333121491276217
